county,sales,pct_of_sales,median_price,price_index,england_wales_median
GREATER LONDON,7095,10.3,533335.0,178.0,300000.0
GREATER MANCHESTER,2913,4.2,250000.0,83.0,300000.0
WEST YORKSHIRE,2530,3.7,225000.0,75.0,300000.0
WEST MIDLANDS,2370,3.5,250000.0,83.0,300000.0
ESSEX,2108,3.1,378500.0,126.0,300000.0
KENT,2030,3.0,360000.0,120.0,300000.0
HAMPSHIRE,1889,2.8,375000.0,125.0,300000.0
LANCASHIRE,1648,2.4,217500.0,73.0,300000.0
MERSEYSIDE,1528,2.2,215000.0,72.0,300000.0
SURREY,1522,2.2,515000.0,172.0,300000.0
SOUTH YORKSHIRE,1496,2.2,200000.0,67.0,300000.0
HERTFORDSHIRE,1319,1.9,455000.0,152.0,300000.0
NORFOLK,1279,1.9,275000.0,92.0,300000.0
TYNE AND WEAR,1269,1.8,185000.0,62.0,300000.0
WEST SUSSEX,1253,1.8,395000.0,132.0,300000.0
